<?xml version="1.0" encoding="UTF-8" ?>
<!DOCTYPE mapper PUBLIC "-//mybatis.org//DTD Mapper 3.0//EN" "http://mybatis.org/dtd/mybatis-3-mapper.dtd" >
<mapper namespace="com.etoak.mapper.BookMapper">

	<insert id="addBook" parameterType="book">
		INSERT INTO t_springmvc_book 
		 (book_name, author, price, 
		  category, publish_date,
		  create_time, cover_path
		 )
		 VALUES(#{bookName}, #{author}, #{price},
		        #{category}, #{publishDate},
		        NOW(), #{coverPath}
		 )
	</insert>
	
	<select id="queryBookList" parameterType="book" resultType="bookVo">
		SELECT t.id,
			   t.book_name AS bookName,
			   t.author AS author,
			   t.price AS price,
			   t.category AS category,
			   t2.dict_name AS categoryName,
			   t.publish_date AS publishDate,
			   t.cover_path AS coverPath
		  FROM t_springmvc_book t
	 LEFT JOIN t_springmvc_dict t2 ON t.category = t2.id
		  <where>
		  	<if test="bookName != null and bookName != '' ">
		  		book_name LIKE CONCAT(#{bookName}, '%')
		  	</if>
		  </where>
	</select>
	
	<update id="updateBook" parameterType="book">
		UPDATE t_springmvc_book
		<trim prefix="set" suffixOverrides=",">
			<if test="bookName !=null and bookName != '' ">
				book_name = #{bookName},
			</if>
			<if test="author != null and author != '' ">
				author = #{author},
			</if>
			<if test="price != null and price != '' ">
				price = #{price},
			</if>
			<if test="category != null and category != '0' ">
				category = #{category},
			</if>
			<if test="publishDate != null and publishDate != '' ">
				publish_date = #{publishDate},
			</if>
			<if test="coverPath != null and coverPath != '' ">
				cover_path = #{coverPath},
			</if>
		</trim>
		<where>
			id = #{id}
		</where>
	</update>
	
	<delete id="deleteBook" parameterType="int">
		DELETE FROM t_springmvc_book WHERE id = #{value}
	</delete>
	
	
	
	
	
	
	
	
	
	
	
	
	
	
	
	

</mapper>