<?xml version="1.0" encoding="UTF-8"?>
<beans xmlns="http://www.springframework.org/schema/beans"
	xmlns:xsi="http://www.w3.org/2001/XMLSchema-instance"
	xmlns:p="http://www.springframework.org/schema/p"
	xmlns:context="http://www.springframework.org/schema/context"
	xmlns:mvc="http://www.springframework.org/schema/mvc"
	xmlns:tx="http://www.springframework.org/schema/tx"
	xsi:schemaLocation="http://www.springframework.org/schema/mvc http://www.springframework.org/schema/mvc/spring-mvc-4.2.xsd
		http://www.springframework.org/schema/beans http://www.springframework.org/schema/beans/spring-beans-4.2.xsd
		http://www.springframework.org/schema/context http://www.springframework.org/schema/context/spring-context-4.2.xsd
		http://www.springframework.org/schema/tx http://www.springframework.org/schema/tx/spring-tx-4.3.xsd">
	
	<!-- 1.配置包扫描 -->
	<context:component-scan base-package="com.etoak" />
	
	<!-- 2.注解驱动 -->
	<mvc:annotation-driven conversion-service="conversionService" />
	
	<!-- 3.静态文件处理 -->
	<mvc:default-servlet-handler/>
	
	<!-- 4.视图解析器 -->
	<bean class="org.springframework.web.servlet.view.InternalResourceViewResolver">
		<property name="prefix" value="/pages/" />
		<property name="suffix" value=".jsp" />
	</bean>
	
	<!-- 5.DataSource -->
	<bean id="dataSource" class="com.alibaba.druid.pool.DruidDataSource">
		<property name="driverClassName" value="com.mysql.jdbc.Driver" />
		<property name="url" value="jdbc:mysql:///et1811" />
		<property name="username" value="root" />
		<property name="password" value="root" />
	</bean>

	<!-- 6.SqlSessionFactoryBean -->
	<bean class="org.mybatis.spring.SqlSessionFactoryBean">
		<property name="dataSource" ref="dataSource" />
		<property name="mapperLocations" value="classpath:mappers/*.xml" />
		<property name="typeAliasesPackage" value="com.etoak.bean" />
		<property name="plugins">
			<array>
				<bean class="com.github.pagehelper.PageInterceptor">
					<property name="properties">
						<props>
							<prop key="reasonable">true</prop>
						</props>
					</property>
				</bean>
			</array>
		</property>
	</bean>
	
	<!-- 7.MapperScannerConfigurer -->
	<bean class="org.mybatis.spring.mapper.MapperScannerConfigurer">
		<property name="basePackage" value="com.etoak.mapper" />
	</bean>
	
	<!-- 8.事务 -->
	<bean id="transactionManager" class="org.springframework.jdbc.datasource.DataSourceTransactionManager">
		<property name="dataSource" ref="dataSource" />
	</bean>
	<tx:annotation-driven transaction-manager="transactionManager"/>
	
	<!-- 9.文件上传 -->
	<bean id="multipartResolver" class="org.springframework.web.multipart.commons.CommonsMultipartResolver">
		<property name="maxUploadSize" value="2097152" /> <!-- 2MB -->
	</bean>
	
	<!-- 10.配置拦截器 
	<mvc:interceptors>
		<mvc:interceptor>-->
			<!-- /**:表示拦截所有请求，包括请求的子请求; /*:只拦截一层请求
			<mvc:mapping path="/**"/> -->
			<!-- 配置不需要拦截的请求，可以配置多个mvc:exclude-mapping 
			<mvc:exclude-mapping path="/login"/>
			<bean class="com.etoak.interceptor.FirstInterceptor" />
		</mvc:interceptor>
		
		<mvc:interceptor>
			<mvc:mapping path="/**"/>
			<mvc:exclude-mapping path="/login"/>
			<bean class="com.etoak.interceptor.SecondInterceptor" />
		</mvc:interceptor>
	</mvc:interceptors>
	-->

	<mvc:interceptors>
		<mvc:interceptor>
			<mvc:mapping path="/**" />
			<mvc:exclude-mapping path="/login" />
			<mvc:exclude-mapping path="/static/**"/>
			<bean class="com.etoak.interceptor.LoginInterceptor" />
		</mvc:interceptor>
	</mvc:interceptors>



	<!-- 配置日期类型转换器 -->
	<bean id="conversionService"
		class="org.springframework.format.support.FormattingConversionServiceFactoryBean">
		<property name="converters">
			<set>
				<bean class="com.etoak.convertor.DateConverter" />
			</set>
		</property>
	</bean>

</beans>
